Gece	None
Akşam	https://commons.wikimedia.org/wiki/Special:FilePath/Logo_Aksam.svg?width=300
Gündüz	None
Gece	None
Sabaha	None
Sabah	https://commons.wikimedia.org/wiki/Special:FilePath/Flag_of_Sabah.svg?width=300
Geceleri	None
Gecenin	None
Saatlerde	None
Heybelide	None
Saatlerinde	None
Saatlerinde	None
Gecesi	None
Gecesi	None
Gün	None
Saat	None
Sabahın	None
Gün	None
Dün	https://commons.wikimedia.org/wiki/Special:FilePath/Hüpstedt_Dünwald_im_Abendlicht.jpg?width=300
Saat	None
Masalları'nda	None
Sabahın	None
Öğlen	None
Dün	https://commons.wikimedia.org/wiki/Special:FilePath/Hüpstedt_Dünwald_im_Abendlicht.jpg?width=300
Geceyi	None
Masalları'nda	None
Akşama	None
Öğlen	None
Uyumadığım	None
Unutmayacakmışız	None
Geceyi	None
Kilisli'den	None
Akşama	None
Saatlere	None
Uyumadığım	None
Geceymiş	None
Unutmayacakmışız	None
Yarısı	None
Akşamları	None
Gecelerden	None
Uyanışımda	None
Kilisli'den	None
Öğle	None
Saatlere	None
Akşamı	None
Geceymiş	None
Yarısı	None
Akşamları	None
Gecelerden	None
Uyanışımda	None
Öğle	None
Akşamı	None
Vermek	None
Verebilmek	None
Vermesi	None
Vererek	None
Almak	None
Verirken	None
Vermemek	None
Verecek	None
Verme	None
Verip	None
Veriyor	None
Verir	None
Verilmesi	None
Vermeye	None
Veren	None
Vermektir	None
Etmek	None
Vermeleri	None
Vermekle	None
Vermesini	None
Vermiş	None
Sunmak	None
Verdi	None
Verebilir	None
Kullanmak	None
Verdirmek	None
Veriyorlar	None
Verilmek	None
Vermeyi	None
Vermemiz	None
Göstermek	None
Bilmek	None
Öğrenmek	None
Anlamak	None
Bilmeniz	None
Düşünmek	None
Kavramak	None
Bilmesi	None
Bilmemek	None
Bilebilmek	None
Biliyor	None
Söylemek	None
Bilmeleri	None
Bilmektir	None
Bilmeyi	None
Görmek	None
Anlatmak	None
Bilmemiz	None
Biliyorum	None
Anlayabilmek	None
Duymak	None
Bilip	None
Sorgulamak	None
Hatırlamak	None
Anlamaktır	None
Bilmenin	None
Bilmiyor	None
Bilebilmemiz	None
Saptamak	None
Derekir	None
Bilmekten	None
Belirtmek	None
Soru	None
Sorular	None
Soruyu	None
Soruları	None
Sorusu	None
Soruya	None
Sorulan	None
Sorulara	None
Sorusunu	None
Yanıtlarken	None
Sual	https://commons.wikimedia.org/wiki/Special:FilePath/Sual_Pangasinan_2.jpg?width=300
Sorduğu	None
Cevap	None
Sorulması	None
Cevapları	None
Sorusuna	None
Soruların	None
Soruyla	None
Sorularına	None
Sorması	None
Yanıtlayan	None
Soran	None
Önergesi	None
Soruda	None
Yanıt	None
Yöneltilen	None
Sorumuz	None
Sorularla	None
Cevaplar	None
Sormak	None
Sorularını	None
Rab	https://commons.wikimedia.org/wiki/Special:FilePath/Rab_map.jpg?width=300
Rab	https://commons.wikimedia.org/wiki/Special:FilePath/Rab_map.jpg?width=300
Rabbi	https://commons.wikimedia.org/wiki/Special:FilePath/Rabi_with_kids.jpg?width=300
Rabbi	https://commons.wikimedia.org/wiki/Special:FilePath/Rabi_with_kids.jpg?width=300
Rabb	None
Eyyühel	None
Rabb	None
Belî	None
Raslallah	None
Rabbülalemin	None
Ruhulkudüs	None
Meryemoğlu	None
Tealâ'-	None
Rabb´i	None
Zikredenlerden	None
Hlık	None
Zülcelal	None
Teala'ya	None
Ilah	None
�anlı	None
Allahdır	None
Rablar	None
Teala	None
Beytim	None
Rabb´im	None
*eyden	None
Aziym	None
Rabb'i	None
Mâbud	None
Kayyumdur	None
Ruhulkudüs	None
Süveyda	None
Kâmilde	None
Hakîkatle	None
Ehadiyetin	None
Alemindir	None
Vâhidiyyet	None
Vâhidiyyet	None
Ilhiye	None
Melekûttan	None
Izafîdir	None
Müdrike	None
Zâtîsi	None
Nasut	None
Vhidiyet	None
Azamdır	None
Yaratılanlar	None
Ilâhiyyesi	None
Lâzımıdır	None
Letâifi	None
Ittisâl	None
Mütekellimdir	None
Esmaî	None
Muhammedîden	None
Hakikat­i	None
Kmilin	None
Sırr-ı	None
Nâtıka	None
Tûbâ-i	None
Ismî	None
Gurbetidir	None
Lüb	None
Zaman	None
Vakit	None
Zamn	None
Zamanlar	None
Kimi	None
Fethiyesporumyzun	None
O	https://commons.wikimedia.org/wiki/Special:FilePath/O_cursiva.gif?width=300
Takdirde	None
Hatta	None
Muğlasporumuza	None
Yerde	None
Halde	None
Diliminde	None
Çünkü	None
Zamanki	None
Sürece	None
Ne	None
Her	None
Bazen	None
Günden	None
Daima	None
Taktirde	None
Ama	None
Tarihte	None
Ancak	None
Uyandırılacaklar	None
Zamanın	None
Zamansa	None
Fakat	None
An	None
Fırlatılabilmesi	None
Fırlatılabiliyor	None
Impactor	None
Geliştirildiler	None
Kn-02	None
Baykonur'dan	None
Lazerine	None
Fırlatılabilen	None
X-47b	None
Pslv	None
Hubble'a	None
Fırlatıcılar	None
Jiroskoplar	None
Havalanabilecek	None
Ctol	None
Titan'nın	None
Fırlatılacağı	None
Yars	None
Kourou	https://commons.wikimedia.org/wiki/Special:FilePath/Centre_Spatial_Guyanais_(46886212831).jpg?width=300
Vakumlanması	None
Mekiklerinden	None
Havalanabiliyor	None
Sineva	None
Sojourner	None
Paraşütlerin	None
Tiangong	None
Gerasimenko	None
Sidewinder	None
Fatih-110	None
Scramjet	https://commons.wikimedia.org/wiki/Special:FilePath/Scramjet_operation_en.svg?width=300
Boşaltabilmesi	None
Bakmak	None
Bakmamız	None
Bakmamak	None
Bakıp	None
Bakması	None
Bakarak	None
Bakılması	None
Bakmanız	None
Bakmaları	None
Bakınca	None
Bakmanın	None
Bakarken	None
Odaklanmak	None
Bakarsak	None
Bakabilmek	None
Bakar	https://commons.wikimedia.org/wiki/Special:FilePath/Bakar_-_old_city.jpg?width=300
Bakıyor	None
Bakıyoruz	None
Bakıyorum	None
Bakmam	None
Bakmaktır	None
Bakmalı	None
Bakmaya	None
Yaklaşmak	None
Bakıldığında	None
Baktığımızda	None
Baktığınızda	None
Bakmayı	None
Bakmalıyız	None
Bakıyorlar	None
Durmak	None
Durmamız	None
Durarak	None
Durmayı	None
Durmanın	None
Durmaya	None
Durmalıyız	None
Duralım	None
Durmaları	None
Durması	None
Durmalarını	None
Durulması	None
Durmamızı	None
Durabilmek	None
Durmanız	None
Durmamak	None
Durmaktır	None
Duruyorum	None
Duracağım	None
Duruyoruz	None
Durup	None
Durmaktan	None
Durmasını	None
Durun	None
Durmaksa	None
Durulmasını	None
Kalmak	None
Durulmalıdır	None
Durmanıza	None
Durulmalı	None
Duracağız	None
İddialardan	None
Iddialardan	None
Casusluktan	None
Iddialarından	None
Suçlamalardan	None
Kilitlemesinden	None
Yargılanmalarıyla	None
Kovuşturulmasından	None
Yapı’dan	None
Davalardan	None
Kasetlerden	None
İddianameden	None
Takipsizlikten	None
Tapelerinden	None
'bunlardan	None
Soruşturmalardan	None
Yalanlamasından	None
Montajlardan	None
Güvenden	None
Hershün	None
'görevden	None
Sakıncadan	None
Tüyolardan	None
Tutuklanmasından	None
Varsayımlardan	None
Amiralin	None
Kilitlenmesinden	None
Yargılanmasını	None
Suçlandığından	None
Kurnazlıklardan	None
Tevhid-selam	None
İski̇d	None
Malzemecileri	None
Burti̇mder	None
Merti̇d	None
Egeaysad	None
Yoder	None
Samsi̇ad	None
Eüd	None
Yalıtımcıları	None
Gemi̇sander	None
Kutav	None
Kogi̇ad	None
Kaytaş	None
Erdallı	None
İmsi̇ad	None
Eesob	None
İhsander	None
Tri̇sad	None
Tarmakbi̇r	None
Kayi̇mder	None
Asbaş	None
Müsai̇d	None
Ni̇tso	None
Tesi̇ad	None
Denturod	None
Moder	None
Krulu	None
Omsi̇ad	None
İzba	None
Hagi̇ad	None
Targev	None
Bir	None
Ve	None
Bu	None
Iki	None
Üç	None
De	None
Da	None
Bi	None
Dört	None
Beş	None
Yani	None
Zira	None
Yine	None
Ise	None
Sekiz	None
Için	None
Slisen	None
On	None
Yirmi	None
Altı	None
Yedi	None
Olan	None
Ki	None
Vicdansızlıktan	None
Daha	None
Dahası	None
Sadece	None
Bin	None
Sıfır	None
Dokuz	None
Yüz	None
Zaman'da	None
Otuz	None
Faturasızlığı	None
Doksan	None
Babuşka'ya	None
Tarifnme	None
Sevilmesem	None
Lokma'da	None
Seksen	None
Tittreee	None
Kırk	None
Hagijardel	None
Elli	https://commons.wikimedia.org/wiki/Special:FilePath/Elli_and_Thor_by_Robert_Engels.jpg?width=300
Gülsaati	None
Baytürrkkk	None
Mandalyat	None
Yenebileceğimi	None
Ispatladığımı	None
Kanıtladığımı	None
Geliştirebileceğimi	None
Yanıltmadım	None
Utandırmadım	None
Verebildiğimi	None
Kandıramam	None
Geçebileceğimi	None
Çağrılacağımı	None
Üzmüyorum	None
Büyüttüğümü	None
Anlıyormuşum	None
Geçirmediğimi	None
Düşünmezsem	None
Yakıştıramıyordum	None
Kandırmışım	None
Kandırmışım	None
Yapabileceğime	None
Yapabileceğime	None
Gerçekleştireceğimi	None
Gerçekleştireceğimi	None
Anlaşıldığımı	None
Anlaşıldığımı	None
Böyleyimdir	None
Böyleyimdir	None
Deneyeceğimi	None
Deneyeceğimi	None
Becerdiğimi	None
Becerdiğimi	None
Öğrenmeseydim	None
Öğrenmeseydim	None
Değiştirmeyeceğimi	None
Değiştirmeyeceğimi	None
Affedemezdim	None
Affedemezdim	None
Eksiğimin	None
Eksiğimin	None
Ölebileceğimi	None
Ölebileceğimi	None
Kaldırabileceğimi	None
Kaldırabileceğimi	None
Başarabileceğime	None
Başarabileceğime	None
Büyütmüyorum	None
Büyütmüyorum	None
Atıksuda	None
Mukavemetlenmesi	None
M3/t	None
Çökebilen	None
Çürütücülerde	None
Karbonasyon	None
Çökelen	None
Vizkozite	None
Ürenin	None
Külündeki	None
Çöktürülmesinde	None
Mikro+mezo	None
Cnth	None
Empürite	None
Alkalinitesi	None
Çökeltilerek	None
Hidroksitlerin	None
+mg	None
Yağdaki	None
Elektrolizde	None
Adsorbanın	None
Desorbe	None
Çözünenler	None
Reaktördeki	None
Yakıttaki	None
Boi5	None
Dozlanan	None
Eluat	None
Filtrede	None
Katı/sıvı	None
Caso4	None
Kraliçe	https://commons.wikimedia.org/wiki/Special:FilePath/HandeYener_Kralice.jpg?width=300
Erkek	None
Kralın	None
Birendra	None
Kralı	None
Kraliyet	None
Kraliçesi	None
Kommegene	None
Antiokhos	None
Kadınların	None
Kral	None
Kibele'nin	None
Kralların	None
Amon'un	None
Thebai	None
Arap	https://commons.wikimedia.org/wiki/Special:FilePath/Flag_of_Somaliland.svg?width=300
Antiochos'un	None
Mausolos	None
Nefertiti'ye	None
Elizabeth'in	None
Hygieia	https://commons.wikimedia.org/wiki/Special:FilePath/Hygea,_copia_romana_da_originale_greco_del_III_sec._ac.jpg?width=300
Padişah	None
Amphion'un	None
Firavun	None
Veliaht	None
Mousolos'un	None
Afgan	None
Puduhepa	None
Tanrıların	None
Naruhito'nun	None
Alabilmek	None
Alması	None
Alarak	None
Almaları	None
Alıp	None
Almaya	None
Almamak	None
Alır	None
Alabilir	None
Almayı	None
Almasını	None
Alma	None
Alınması	None
Almış	None
Almalarını	None
Alıyorlar	None
Aldıktan	None
Aldırmak	None
Almaktır	None
Yapmak	None
Almanız	None
Açmak	None
Alabilmesi	None
Almanın	None
Aldım	None
Çıkarmak	None
Dinlemek	None
Dinleyip	None
Dinleyebilmek	None
Okumak	None
Dinletmek	None
Izlemek	None
Seyretmek	None
Dinlerken	None
Konuşmak	None
Seslendirmek	None
Dinleyerek	None
Center'daydı	None
Dinleyen	None
Büyülenmemekse	None
Işitmek	None
Dinlemeyi	None
Dinlemektir	None
Dinledim	None
Dinlemeniz	None
Dinlemeye	None
Konuşturmak	None
Tanımak	None
Cankulağıyla	None
Dinlemekten	None
Akorlu	None
Dinleyin	None
Dinleyenler	None
Geceyarıları	None
Geceyarısında	None
Geceleyin	None
Geceyarısının	None
Gecee	None
Geceyarısına	None
Geceyarılarına	None
Gündüzdü	None
Geceyarısı	None
Geceyarısını	None
Gündüzde	None
Sabahlara	None
Gecelerde	None
Geceyide	None
Gecelerdi	None
Karanlığında	None
Sabahların	None
Geceçek	None
Akşamdan	None
Yarılarına	None
Gezmesindeydim	None
Øaraèlıøda	None
Önceki	None
Günü	None
Bugün	None
Cumartesi	None
Sokak'larından	None
Hafta	None
Adam	https://commons.wikimedia.org/wiki/Special:FilePath/Michelangelo,_Creation_of_Adam_03.jpg?width=300
Adamlar	None
Adama	https://commons.wikimedia.org/wiki/Special:FilePath/Adama_(3)_(cropped).jpg?width=300
Adamın	None
Delikanlı	None
Adam'	None
Adamı	None
Hoca	None
Zdr	None
Adamla	None
Adamda	None
Adamların	None
Adamlara	None
Herif	None
Amca	None
Adamdan	None
Adamcağız	None
Yaşlı	None
Birileri	None
Kurt	None
Insanlar	None
Kardeşim	None
Adamadan	None
Canavar	None
Ha	None
Mikolka'ya	None
Ldmk	None
Osmanla	None
Hitabettik	None
Filan	None
Adamdı	None
Adam.	None
Adamsa	None
Adamca	None
Adamlarmış	None
Adamsam	None
Adamdın	None
Adamm	None
Adamdık	None
Adamlardan	None
Delikanlıyı	None
Adamim	None
Delikanlısını	None
Delikanlısına	None
Delikanlısın	None
Delikanlım	https://commons.wikimedia.org/wiki/Special:FilePath/Yıldız_Tilbe_-_Delikanlım.png?width=300
Adamdi	None
Genç	None
Altınorduda	None
Öldürmek	None
Demiş	None
Teknik	None
Sanki	None
Ona	None
Öldürme	None
Onu	None
Tecrübeli	None
Adamayla	None
Diyen	None
Orada	None
Öyle	None
Insan	https://commons.wikimedia.org/wiki/Special:FilePath/Insaan_2005.jpg?width=300
Böyle	None
Mickiewicz	None
Oyuncu	None
Bobcats'de	None
Geri	None
Geriye	None
Geri	None
Dönmek	None
'geri	None
Dönüşü	None
Zeklıyız	None
Tekrar	None
Dönmesi	None
Dönme	None
Dönüş	None
Iade	None
Döndü	None
Dönen	None
Carnoustie'de	None
Gerisin	None
Çağiriliyor	None
Dönüyor	None
Dönmeyebileceklerini	None
Dönüp	None
Çekmesiymiş	None
Nişanı''nı	None
Alacaktiniz	None
-geri	None
Dönerek	None
“geri	None
Döndürülemezdir	None
'geri	None
''geri	None
Rossı	None
Rory'i	None
Merinosa	None
Yakişmadi	None
Diyarbakidan	None
Moleni	None
Silaaa	None
Yandin	None
Kımden	None
Herseyinle	None
Canimsin	None
Nediyosun	None
Incırlıden	None
Sahraaaa	None
Gullu	None
Silaaaa	None
Senelı	None
Yelizim	None
Herseyimsin	None
Tamammm	None
Ankdan	None
Midyati	None
Canimmm	None
Gulizara	None
Boncuga	None
Naynini	None
Kırmızılım	None
Kizzzz	None
Hickiriklara	None
Vurmadi	None
Nazliya	None
Delısı	None
Yasadiklarimizi	None
Kraliçeli	None
Krali	None
Kraliçeyle	None
Kraliçelik	None
Kralice	None
Kraliçenin	None
Kralin	None
Kraliçeydi	None
Kraliçeden	None
Kraliçesi'nin	None
Kraliçeye	None
Kraliçedir	None
Kraliçesinin	None
Kraliçelerin	None
Kraliçeliği	None
Kraliçesine	None
Kraliçe'	None
Kraliçe'nin	None
–kadın	None
Kraliçeler	None
Kraliçem	None
Kralık	None
Kraliçesi'ne	None
Kralının	None
Zahir	None
Oyaparsa	None
Şah'ın	None
Bilyegöz	None
Doğumcuların	None
Lear'ı	None
Theoden	None
Fahd'ın	None
Benlekim	None
Isterse'de	None
Seversede	None
Suudi	None
Mezarlarında	None
Lear'ın	None
Türbanlı	None
Ergen	None
Downboy	None
Hükümdar	None
Eroero	None
Kadının	None
Çocuk	None
Delisair45	None
Psikoloji	None
Matematik	None
Biyoloji	None
Bilimi	None
Edebiyat	None
Antropoloji	None
Edebiyatı	None
Hindoloji	None
Bilimler	None
Coğrafya	None
Fen	https://commons.wikimedia.org/wiki/Special:FilePath/Avaste_soo_ääreala_(5).jpg?width=300
Bilimleri	None
Bilimselkonular	None
Ilahiyatçısınız	None
Sosyolojisi	None
Mühendislik	None
Iktisat	None
Filoloji	None
Türkdili	None
Sosyolojı	None
Enformatiği	None
Dinkültürü	None
Mühendisliği	None
D.t.c.f.	None
Pedegoji	None
Fizik	None
Astronomi	None
Siyasetbilimi	None
Bölümleri'nde	None
Toplumbilim	None
Dilbilimleri	None
Dilbilimi	None
Dilbilimle	None
Dilbiliminde	None
Felsefeteoloji	None
'sosyoloji	None
Felsefebilim	None
Dilbilimin	None
Dilbilimde	None
Dilbilimine	None
Dilbiliminin	None
Sosyoloji.	None
Sosyalbilim	None
Gemoloji	None
Gencbilim	None
Bilgibilim	None
Fenbilimleri	None
Çeviribilim	None
Sosyolojizm	None
Onomasyoloji	None
Daideruni	None
Biliminin	None
Bilim	None
Profesörü	None
Fakültesi	None
Felsefesi	None
Dersleri	None
Eğitimi	None
Dersi	None
Tıp	None
Seeu	None
Üniversitesi	None
Arkeoloji	None
Dil	None
Tarih	None
Yol	https://commons.wikimedia.org/wiki/Special:FilePath/Yol_(1982_film).jpg?width=300
Açan	None
Yolu	None
Açacak	None
Açmayacağıdır	None
Açar	None
Açabilecek	None
Açtığı	None
Yolun	None
Açıyor	None
Açabiliyor.	None
Sebep	None
Açtığını	None
Açmaktadır.	None
Açabilmesidir	None
Açabilir	None
Yolunu	None
Neden	None
Iüüdoğru	None
Açabileceği	None
Açtı	None
Yollar	None
Haritası	None
Açabilir.	None
Açmaktadır	None
Açmaktadır.bu	None
Açıyor.|	None
Itibarsızlaşmalarına	None
E79	None
Gerçekleştirilememesine	None
Açtığına	None
Öğleden	None
Akşamki	None
Perşembe	https://commons.wikimedia.org/wiki/Special:FilePath/Ordu_districts.png?width=300
Cuma	None
Pazartesi	None
Yarın	None
Sabahı	None
Yemeği	None
Salı	None
Çarşamba	https://commons.wikimedia.org/wiki/Special:FilePath/Çarşamba_genel_görünüm.jpg?width=300
Akmerkez'deydi	None
Ğle	None
Uyumak	None
Yatmak	None
Uyumak	None
Uyuklamak	None
Uykuya	None
Uyumayı	None
Içmek	None
Uyuyamamak	None
Uyumalı	None
Uyuyup	None
Uyumamak	None
Dinlenmek	None
Uyunuyor	None
Uyumaktır	None
Dinlenmekti	None
Oynaşmak	None
Sevişmek	None
Uyanmak	None
Uyanamamak	None
Dinlenebilmek	None
Uyunacak	None
Ölmek	None
Cilveleşmek	None
Uyursunuz	None
Oturmak	None
Dalmanızı	None
Uyku	None
Uyuyakalmak	None
Uyuması	None
Acıkmak	None
Uyunabilir	None
Iyi	None
Kötü	None
Iyi	None
Mükemmel	https://commons.wikimedia.org/wiki/Special:FilePath/HandeYener_Mukummel.jpg?width=300
Iiyi	None
Başarılı	None
Iyiy	None
İyi	None
Güzel	None
Iyibir	None
Kaliteli	None
Düzgün	None
Iyiydi	None
Harika	None
Berbat	None
Gayet	None
Niyetli	None
Sağlam	None
Milassprun	None
Busenekı	None
Güçlü	None
Başrılı	None
Verimli	None
Dürüst	None
Niyetle	None
Sağlıklı	None
Olurdui	None
Iyii	None
Traffic'le	None
Ii	None
Akıllıca	None
Kullanma	None
Kullanması	None
Kullanabilmek	None
Kullanıyor	None
Kullanmamak	None
Kullanmaya	None
Kullanıp	None
Kullanmayı	None
Kullanmaktan	None
Kullanan	None
Kullanırken	None
Kullanarak	None
Kulanmak	None
Kullanmaları	None
Kullanılması	None
Kullanmaktır	None
Kullanacak	None
Kullanır	None
Kulllanmak	None
Kullanıyorlar	None
Kullananlar	None
Kullanmakla	None
Kullanmamız	None
Kullandırmak	None
Kullanmanın	None
Kullanmasını	None
Kullanımı	None
Kullanmanız	None
Gibi	None
Tıpkı	None
Misali	None
Gibidir	None
Gibiydi	None
Benzeri	None
Gbi	None
Vb.	None
Adeta	None
Vb	None
Gib	None
Gibi-	None
Şeklinde	None
Vs.	None
Biçiminde	None
